WRONG KB ID 	EL_ENG_01681	Burlington	Burlington, Wisconsin
CORRECT     	EL_ENG_00934	Howie Clark	Howie Clark
WRONG KB ID 	EL_ENG_00141	Newtown	Newtown Jets
WRONG KB ID 	EL_ENG_00420	Newtown	Newtown Jets
CORRECT     	EL_ENG_02219	Symbionese Liberation Army	Symbionese Liberation Army
WRONG KB ID 	EL_ENG_02059	Zurich, Switzerland	Switzerland
CORRECT     	EL_ENG_00973	Oakville, Canada	Oakville, Ontario
CORRECT     	EL_ENG_01937	Auburn, Georgia	Auburn, Georgia
WRONG KB ID 	EL_ENG_02034	Fulham	Brede Hangeland
CORRECT     	EL_ENG_01922	Randy Cross	Randy Cross
CORRECT     	EL_ENG_01584	Michael Moore	Michael Moore
CORRECT     	EL_ENG_00943	Sunderland	Sunderland A.F.C.
CORRECT     	EL_ENG_01050	Sunderland	Sunderland A.F.C.
CORRECT     	EL_ENG_00801	Lakeville, Indiana	Lakeville, Indiana
CORRECT     	EL_ENG_00541	Seibu Lions	Saitama Seibu Lions
EXP NIL     	EL_ENG_00685	Ottawa, Canada	Ottawa
CORRECT     	EL_ENG_01197	Austin, Minnesota	Austin, Minnesota
WRONG KB ID 	EL_ENG_00964	Houston, Texas	George Bush Intercontinental Airport
EXP NIL     	EL_ENG_01170	Genarlow Wilson	Wilson v. State of Georgia
CORRECT     	EL_ENG_01650	UK	United Kingdom
CORRECT     	EL_ENG_00891	Rockdale, Texas	Rockdale, Texas
EXP NIL     	EL_ENG_00216	Exeter	Exeter
CORRECT     	EL_ENG_01587	Exeter	Exeter
CORRECT     	EL_ENG_00003	Thomasville	Thomasville, Georgia
EXP NIL     	EL_ENG_02195	John Collins	John Augustine Collins
CORRECT     	EL_ENG_01456	Oakland	Oakland, California
CORRECT     	EL_ENG_00499	Awami National Party	Awami National Party
CORRECT     	EL_ENG_00500	Awami National Party	Awami National Party
CORRECT     	EL_ENG_00115	Bruce Starr	Bruce Starr
WRONG KB ID 	EL_ENG_01148	Columbus, New York	Columbus, New York
CORRECT     	EL_ENG_01738	Cleveland, Minnesota	Cleveland, Minnesota
CORRECT     	EL_ENG_01529	Cambridge, Maryland	Cambridge, Maryland
EXP NIL     	EL_ENG_00294	Kevin Brown	Kevin Brown (right-handed pitcher)
CORRECT     	EL_ENG_01869	Energy Information Administration	Energy Information Administration
CORRECT     	EL_ENG_00482	Princeton, Massachusetts	Princeton, Massachusetts
WRONG KB ID 	EL_ENG_00513	Dayton, Tennessee	Scopes Trial
EXP NIL     	EL_ENG_00280	ODA	Oda Nobunaga
CORRECT     	EL_ENG_00572	Ed Johnson	Ed Johnson (American football)
EXP NIL     	EL_ENG_01795	Bill Tierney	Bill Tierney
EXP NIL     	EL_ENG_01791	John Adams	John Adams
EXP NIL     	EL_ENG_01329	Brant Parker	Brant Parker
CORRECT     	EL_ENG_00165	Richard Hamilton	Richard Hamilton (basketball)
WRONG KB ID 	EL_ENG_02022	Ray Brown	Ray Brown (musician)
CORRECT     	EL_ENG_00413	Syracuse, New York	Syracuse, New York
WRONG KB ID 	EL_ENG_00669	Syracuse	Syracuse, New York
CORRECT     	EL_ENG_00342	Hillsdale, New Jersey	Hillsdale, New Jersey
CORRECT     	EL_ENG_02156	Frisco, Texas	Frisco, Texas
CORRECT     	EL_ENG_00068	American Basketball Association	American Basketball Association
EXP NIL     	EL_ENG_00327	ABA	American Basketball Association
EXP NIL     	EL_ENG_01663	Aba	American Basketball Association
CORRECT     	EL_ENG_01729	American Basketball Association	American Basketball Association
CORRECT     	EL_ENG_02086	Cartersville, Georgia	Cartersville, Georgia
EXP NIL     	EL_ENG_00330	Dave Clark	The Dave Clark Five
CORRECT     	EL_ENG_00305	Dover	Dover
EXP NIL     	EL_ENG_00365	Phoenix	Phoenix, Arizona
CORRECT     	EL_ENG_00795	Phoenix	Phoenix, Arizona
EXP NIL     	EL_ENG_01463	Phoenix	Phoenix, Arizona
EXP NIL     	EL_ENG_01568	Phoenix	Phoenix, Arizona
EXP NIL     	EL_ENG_02188	Phoenix	Phoenix, Arizona
WRONG KB ID 	EL_ENG_00514	Birmingham	Birmingham
WRONG KB ID 	EL_ENG_01119	Birmingham	Birmingham
CORRECT     	EL_ENG_01108	Nicole Randall Johnson	Nicole Randall Johnson
CORRECT     	EL_ENG_02009	Heather A. Wilson	Heather Wilson
WRONG KB ID 	EL_ENG_01720	Plainfield, Massachusetts	Plainfield, Massachusetts
CORRECT     	EL_ENG_01997	Gerry Adams	Gerry Adams
WRONG KB ID 	EL_ENG_00319	Edward Kennedy	Kennedy Compound
WRONG KB ID 	EL_ENG_01667	Tempe	Tempe, Arizona
WRONG KB ID 	EL_ENG_00721	Franklin	Benjamin Franklin
CORRECT     	EL_ENG_00772	Benjamin Franklin	Benjamin Franklin
CORRECT     	EL_ENG_01147	Leeds	Leeds
CORRECT     	EL_ENG_00743	Juanita Millender-McDonald	Juanita Millender-McDonald
CORRECT     	EL_ENG_01204	Kia Motors	Kia Motors
WRONG KB ID 	EL_ENG_01158	Fulham	Craven Cottage
WRONG KB ID 	EL_ENG_01409	Cottagers	Craven Cottage
CORRECT     	EL_ENG_02185	Johnson &amp; Johnson	Johnson &amp; Johnson
WRONG KB ID 	EL_ENG_00058	Salem	Salem Nuclear Power Plant
WRONG KB ID 	EL_ENG_02078	Riverside, Washington	Riverside, Washington
CORRECT     	EL_ENG_00799	Litchfield, New Hampshire	Litchfield, New Hampshire
CORRECT     	EL_ENG_00786	Riverton, Wyoming	Riverton, Wyoming
EXP NIL     	EL_ENG_01543	Morris Brown	Morris Brown College
CORRECT     	EL_ENG_00269	University College London	University College London
CORRECT     	EL_ENG_02095	Ron Howard	Ron Howard
CORRECT     	EL_ENG_00110	Heath Evans	Heath Evans
CORRECT     	EL_ENG_01634	Moshe Katsav	Moshe Katsav
WRONG KB ID 	EL_ENG_01653	Richard Jewell	Richard Jewell
CORRECT     	EL_ENG_00849	Milford, New Hampshire	Milford, New Hampshire
CORRECT     	EL_ENG_01336	Milford, New Hampshire	Milford, New Hampshire
CORRECT     	EL_ENG_00383	GDR	East Germany
CORRECT     	EL_ENG_00533	DDR	East Germany
CORRECT     	EL_ENG_01264	East Germany	East Germany
CORRECT     	EL_ENG_01808	Ike Turner	Ike Turner
EXP NIL     	EL_ENG_01713	Louise Jones	Louise Jones (cyclist)
CORRECT     	EL_ENG_00263	Red Wing, Minnesota	Red Wing, Minnesota
EXP NIL     	EL_ENG_01064	Red Wing	Red Wing, Minnesota
CORRECT     	EL_ENG_00253	Wales, Alaska	Wales, Alaska
CORRECT     	EL_ENG_00725	Battelle	Battelle Memorial Institute
CORRECT     	EL_ENG_01359	Zab Judah	Zab Judah
CORRECT     	EL_ENG_01638	Judah	Zab Judah
WRONG KB ID 	EL_ENG_01302	Fayetteville, Arkansas	Fayetteville, Arkansas
CORRECT     	EL_ENG_01445	Fayetteville, Arkansas	Fayetteville, Arkansas
CORRECT     	EL_ENG_00869	West Bromwich Albion	West Bromwich Albion F.C.
CORRECT     	EL_ENG_01231	West Brom	West Bromwich Albion F.C.
WRONG KB ID 	EL_ENG_01193	David Lopez	David Lopez (artist)
CORRECT     	EL_ENG_00205	Poppy Montgomery	Poppy Montgomery
CORRECT     	EL_ENG_00611	Greenville, Kentucky	Greenville, Kentucky
CORRECT     	EL_ENG_00818	Greenville, Kentucky	Greenville, Kentucky
CORRECT     	EL_ENG_00535	Starr	Ringo Starr
EXP NIL     	EL_ENG_01022	Starr	Ringo Starr
EXP NIL     	EL_ENG_01855	Starr	Ringo Starr
CORRECT     	EL_ENG_01217	Matt Capps	Matt Capps
CORRECT     	EL_ENG_00507	Clifton, New Jersey	Clifton, New Jersey
CORRECT     	EL_ENG_01051	Annie Clark	Annie Clark
CORRECT     	EL_ENG_02038	Cornwall, N.Y.	Cornwall, New York
CORRECT     	EL_ENG_01129	Brownsville, Minnesota	Brownsville, Minnesota
EXP NIL     	EL_ENG_01053	Glenview	Glenview, Kentucky
CORRECT     	EL_ENG_01233	Glenview	Glenview, Kentucky
CORRECT     	EL_ENG_00897	Riverton	Riverton, Utah
CORRECT     	EL_ENG_00288	Columbus, Ohio	Columbus, Ohio
EXP NIL     	EL_ENG_00701	Columbus, Ohio	Columbus, Ohio
CORRECT     	EL_ENG_00192	Lebanon	Lebanon
CORRECT     	EL_ENG_01122	OSI	OSI Pharmaceuticals
WRONG KB ID 	EL_ENG_01181	Lakeville	Lakeville North High School
CORRECT     	EL_ENG_00666	Steven Gerrard	Steven Gerrard
EXP NIL     	EL_ENG_00689	Hell, Norway	Hell Station
CORRECT     	EL_ENG_01983	Ansel Adams	Ansel Adams
CORRECT     	EL_ENG_00523	Parkville, Missouri	Parkville, Missouri
CORRECT     	EL_ENG_00114	Los Angeles Daily News	Los Angeles Daily News
EXP NIL     	EL_ENG_00595	Daily News	Los Angeles Daily News
WRONG KB ID 	EL_ENG_00905	Daily News	Los Angeles Daily News
CORRECT     	EL_ENG_01768	Percy Montgomery	Percy Montgomery
CORRECT     	EL_ENG_02154	Milford, Utah	Milford, Utah
CORRECT     	EL_ENG_01578	New Brunswick, New Jersey	New Brunswick, New Jersey
CORRECT     	EL_ENG_01756	Ronnie Brown	Ronnie Brown
CORRECT     	EL_ENG_01369	Sam Adams	Sam Adams (American football)
WRONG KB ID 	EL_ENG_01235	Moorefield, West Virginia	Battle of Moorefield
EXP NIL     	EL_ENG_00632	Boston College Eagles	Boston College Eagles
CORRECT     	EL_ENG_01963	Justin Wilson	Justin Wilson
EXP NIL     	EL_ENG_00696	Hasina Wajed	Sheikh Hasina
CORRECT     	EL_ENG_00297	Forest	Nottingham Forest F.C.
CORRECT     	EL_ENG_00652	Notts Forest	Nottingham Forest F.C.
CORRECT     	EL_ENG_01206	Nottingham Forest	Nottingham Forest F.C.
WRONG KB ID 	EL_ENG_01748	AMA	AMA Superbike Championship
CORRECT     	EL_ENG_00954	Patrick Kennedy	Patrick J. Kennedy
CORRECT     	EL_ENG_01838	Gainesville, Texas	Gainesville, Texas
EXP NIL     	EL_ENG_00028	Mount Pleasant, Iowa	Mount Pleasant, Iowa
CORRECT     	EL_ENG_01010	Mount Pleasant, Iowa	Mount Pleasant, Iowa
CORRECT     	EL_ENG_00018	Confederate States of America	Confederate States of America
CORRECT     	EL_ENG_00041	Boy Scouts of America	Boy Scouts of America
WRONG KB ID 	EL_ENG_01130	MOORE	Mandy Moore
CORRECT     	EL_ENG_00947	Helen Clark	Helen Clark
EXP NIL     	EL_ENG_01124	Nice	Nice
CORRECT     	EL_ENG_02105	Nice	Nice
WRONG KB ID 	EL_ENG_00969	Howeird	Howard K. Stern
CORRECT     	EL_ENG_01683	Bill Clinton	Bill Clinton
CORRECT     	EL_ENG_01645	Bart Starr	Bart Starr
CORRECT     	EL_ENG_01468	Giuseppe Rossi	Giuseppe Rossi
CORRECT     	EL_ENG_00282	Springfield, Missouri	Springfield, Missouri
CORRECT     	EL_ENG_00082	Cedrick Wilson	Cedrick Wilson
EXP NIL     	EL_ENG_00087	Pleasant Valley	Pleasant Valley High School (Iowa)
EXP NIL     	EL_ENG_01985	Adel Taarabt	Adel Taarabt
CORRECT     	EL_ENG_01186	Jack Reed	Jack Reed
CORRECT     	EL_ENG_01379	Dayton, New Jersey	Dayton, New Jersey
CORRECT     	EL_ENG_00175	Jerry Brown	Jerry Brown
WRONG KB ID 	EL_ENG_00753	KOSA	Hair (musical)
CORRECT     	EL_ENG_01815	James Moore	James Moore (Canadian politician)
CORRECT     	EL_ENG_01878	Rockland, New York	Rockland County, New York
EXP NIL     	EL_ENG_01841	CSA	Czech Airlines
WRONG KB ID 	EL_ENG_00931	Doncaster	Doncaster
WRONG KB ID 	EL_ENG_01089	Auburn, Alabama	Auburn Metropolitan Area
EXP NIL     	EL_ENG_00583	BOL	Manute Bol
WRONG KB ID 	EL_ENG_01065	Halliburton	Gulf War
CORRECT     	EL_ENG_01126	Barry Clifford	Barry Clifford
EXP NIL     	EL_ENG_00144	Northampton	Northampton
CORRECT     	EL_ENG_01752	Vinnie Jones	Vinnie Jones
WRONG KB ID 	EL_ENG_00367	Blues	Blues
CORRECT     	EL_ENG_01925	John Dean	John Dean
CORRECT     	EL_ENG_00007	Ashland, Massachusetts	Ashland, Massachusetts
CORRECT     	EL_ENG_00814	Ashland	Ashland, Massachusetts
WRONG KB ID 	EL_ENG_01689	ASHLAND	Ashland, Massachusetts
CORRECT     	EL_ENG_00809	Michael Jackson	Michael Jackson
CORRECT     	EL_ENG_01451	Alexandria, Virginia	Alexandria, Virginia
EXP NIL     	EL_ENG_00086	Nicky Barnes	Leroy Barnes
CORRECT     	EL_ENG_01742	Eddie Johnson	Eddie Johnson (American soccer)
CORRECT     	EL_ENG_01176	Lauren Booth	Lauren Booth
CORRECT     	EL_ENG_01138	Larry Johnson	Larry Johnson (American football)
CORRECT     	EL_ENG_00495	Medford, Oklahoma	Medford, Oklahoma
CORRECT     	EL_ENG_01203	Boris Johnson	Boris Johnson
CORRECT     	EL_ENG_00055	Mitch Jones	Mitch Jones
CORRECT     	EL_ENG_00766	Springfield	Dusty Springfield
WRONG KB ID 	EL_ENG_01306	Springfield	Dusty Springfield
CORRECT     	EL_ENG_01881	Alan Moore	Alan Moore
CORRECT     	EL_ENG_01913	American Apparel	American Apparel
CORRECT     	EL_ENG_01368	Charles Grant	Charles Grant (American football)
CORRECT     	EL_ENG_00501	Haruki Murakami	Haruki Murakami
CORRECT     	EL_ENG_01355	Newton	Newton Vineyard
CORRECT     	EL_ENG_00233	Robert F. Kennedy	Robert F. Kennedy
CORRECT     	EL_ENG_01560	Sri Lanka Army	Sri Lanka Army
CORRECT     	EL_ENG_01554	Charles Norwood	Charlie Norwood
CORRECT     	EL_ENG_00605	Oscar Peterson	Oscar Peterson
CORRECT     	EL_ENG_00242	Julia Carson	Julia Carson
CORRECT     	EL_ENG_00326	Tierney	Gene Tierney
EXP NIL     	EL_ENG_01741	Toronto	Toronto
WRONG KB ID 	EL_ENG_00065	Kingston, New York	Kingston, New York
WRONG KB ID 	EL_ENG_00393	Kingston, New York	Kingston, New York
CORRECT     	EL_ENG_01428	Alphonso Jackson	Alphonso Jackson
CORRECT     	EL_ENG_00262	R.L. Stine	R. L. Stine
CORRECT     	EL_ENG_01071	Newark, New Jersey	Newark, New Jersey
WRONG KB ID 	EL_ENG_01328	Newark	Newark, New Jersey
CORRECT     	EL_ENG_00692	Juwan Howard	Juwan Howard
CORRECT     	EL_ENG_01152	Juwan Howard	Juwan Howard
WRONG KB ID 	EL_ENG_00061	Salisbury	Salisbury
WRONG KB ID 	EL_ENG_00598	Salisbury	Salisbury
CORRECT     	EL_ENG_01942	FC Barcelona	FC Barcelona
EXP NIL     	EL_ENG_01361	Cleveland	Cleveland, Ohio
CORRECT     	EL_ENG_02002	Kemmerer, Wyoming	Kemmerer, Wyoming
CORRECT     	EL_ENG_01736	Newton	Isaac Newton
WRONG KB ID 	EL_ENG_02117	Newton	Isaac Newton
CORRECT     	EL_ENG_00048	Arsenal Football Club	Arsenal F.C.
CORRECT     	EL_ENG_00914	Arsenal	Arsenal F.C.
CORRECT     	EL_ENG_01786	Gunners	Arsenal F.C.
EXP NIL     	EL_ENG_00245	Dean Johnson	Dean Johnson
EXP NIL     	EL_ENG_01753	Dean Johnson	Dean Johnson
WRONG KB ID 	EL_ENG_01858	Lincoln Mark LT	Lincoln Mark LT
CORRECT     	EL_ENG_00424	Dover, New Hampshire	Dover, New Hampshire
WRONG KB ID 	EL_ENG_01286	Springfield, Oregon	Kip Kinkel
EXP NIL     	EL_ENG_00560	Milton	John Milton
CORRECT     	EL_ENG_02029	John Milton	John Milton
CORRECT     	EL_ENG_00089	Danville, Kentucky	Danville, Kentucky
CORRECT     	EL_ENG_01816	Kelly Stinnett	Kelly Stinnett
CORRECT     	EL_ENG_00088	Golden Lions	Golden Lions
CORRECT     	EL_ENG_00874	Matt Busby	Matt Busby
CORRECT     	EL_ENG_00160	Dalton, Georgia	Dalton, Georgia
CORRECT     	EL_ENG_01450	Joshua Kennedy	Joshua Kennedy
CORRECT     	EL_ENG_01237	Westmont College	Westmont College
WRONG KB ID 	EL_ENG_02085	Josh Hamilton	Josh Hamilton (actor)
EXP NIL     	EL_ENG_00032	World Wildlife Fund	World Wide Fund for Nature
EXP NIL     	EL_ENG_01185	World Wide Fund for Nature	World Wide Fund for Nature
EXP NIL     	EL_ENG_01214	World Wildlife Fund	World Wide Fund for Nature
CORRECT     	EL_ENG_01843	Pearson PLC	Pearson PLC
CORRECT     	EL_ENG_01267	Odessa	Odessa
CORRECT     	EL_ENG_00142	Eric Robert Rudolph	Eric Robert Rudolph
CORRECT     	EL_ENG_01763	Bird Johnson	Lady Bird Johnson
CORRECT     	EL_ENG_00526	Thomas Edison	Thomas Edison
EXP NIL     	EL_ENG_00156	John Houston	John Huston
WRONG KB ID 	EL_ENG_02070	Buena Vista	Lake Buena Vista, Florida
EXP NIL     	EL_ENG_00101	Bill Clark	Bill Clark
EXP NIL     	EL_ENG_00401	Richmond	Richmond, Virginia
CORRECT     	EL_ENG_02203	Richmond, Virginia	Richmond, Virginia
CORRECT     	EL_ENG_00230	Hua Guofeng	Hua Guofeng
WRONG KB ID 	EL_ENG_01476	William F. Buckley	William Francis Buckley
CORRECT     	EL_ENG_00207	Brighton	Brighton
EXP NIL     	EL_ENG_00920	William Balfour	Jennifer Hudson
CORRECT     	EL_ENG_00962	Brian Wilson	Brian Wilson
EXP NIL     	EL_ENG_01252	McKinley	Chuck McKinley
CORRECT     	EL_ENG_00678	Ala	Alabama
CORRECT     	EL_ENG_00126	New Haven, Connecticut	New Haven, Connecticut
WRONG KB ID 	EL_ENG_00723	New Haven	New Haven, Connecticut
CORRECT     	EL_ENG_00333	Greenville, Liberia	Greenville, Liberia
EXP NIL     	EL_ENG_00180	Lloyd 's	HBOS
CORRECT     	EL_ENG_01090	Sri Chinmoy	Sri Chinmoy
WRONG KB ID 	EL_ENG_00315	Milford	Milford, Connecticut
CORRECT     	EL_ENG_00459	milford	Milford, Connecticut
WRONG KB ID 	EL_ENG_00681	Milford	Milford, Connecticut
WRONG KB ID 	EL_ENG_00952	milford	Milford, Connecticut
CORRECT     	EL_ENG_01141	John Parker Wilson	John Parker Wilson
CORRECT     	EL_ENG_00296	Ryan Adams	Ryan Adams
CORRECT     	EL_ENG_01178	Jamestown, California	Jamestown, California
CORRECT     	EL_ENG_00173	Oxford, Mississippi	Oxford, Mississippi
CORRECT     	EL_ENG_01296	Oxford, Mississippi	Oxford, Mississippi
CORRECT     	EL_ENG_01767	Vince Carter	Vince Carter
WRONG KB ID 	EL_ENG_00128	Charleston, West Virginia	Robert Byrd
CORRECT     	EL_ENG_00464	Steve Clarke	Steve Clarke
CORRECT     	EL_ENG_01639	Mansfield, Missouri	Mansfield, Missouri
CORRECT     	EL_ENG_02044	Mount Pleasant, New York	Mount Pleasant, New York
EXP NIL     	EL_ENG_01996	Portland, North Dakota	Portland, North Dakota
CORRECT     	EL_ENG_01096	Tyson Thompson	Tyson Thompson
CORRECT     	EL_ENG_00404	Clark Hunt	Clark Hunt
CORRECT     	EL_ENG_00475	Kingston, Ontario	Kingston, Ontario
EXP NIL     	EL_ENG_02202	Steve Thompson	Steve Thompson (footballer born 1955)
CORRECT     	EL_ENG_00553	Joe Clark	Joe Clark
EXP NIL     	EL_ENG_01759	Joe Clark	Joe Clark
WRONG KB ID 	EL_ENG_00111	VA	Va people
CORRECT     	EL_ENG_01400	Jamestown, North Dakota	Jamestown, North Dakota
CORRECT     	EL_ENG_00485	Boise State University	Boise State University
CORRECT     	EL_ENG_01412	Salem, New Hampshire	Salem, New Hampshire
CORRECT     	EL_ENG_02052	Salem, New Hampshire	Salem, New Hampshire
WRONG KB ID 	EL_ENG_02031	Hull	Kingston upon Hull
EXP NIL     	EL_ENG_01099	AAA	Major League Baseball
CORRECT     	EL_ENG_00599	Greenville, Maine	Greenville, Maine
CORRECT     	EL_ENG_00536	Medford, Massachusetts	Medford, Massachusetts
WRONG KB ID 	EL_ENG_01820	Medford	Medford, Massachusetts
WRONG KB ID 	EL_ENG_01712	Covington	Covington, Virginia
CORRECT     	EL_ENG_02102	Lebanon, Ohio	Lebanon, Ohio
EXP NIL     	EL_ENG_01546	Woodbridge	Woodbridge, Connecticut
CORRECT     	EL_ENG_01735	Dallas Clark	Dallas Clark
WRONG KB ID 	EL_ENG_01496	Motown	The Temptations
CORRECT     	EL_ENG_00567	Ashland, Kansas	Ashland, Kansas
CORRECT     	EL_ENG_01150	Duluth, Georgia	Duluth, Georgia
EXP NIL     	EL_ENG_01205	Sweetwater Clifton	Nathaniel Clifton
CORRECT     	EL_ENG_00479	Mechanicsville, Iowa	Mechanicsville, Iowa
WRONG KB ID 	EL_ENG_00859	Mount Pleasant	Mount Pleasant, South Australia
EXP NIL     	EL_ENG_00199	Clearwater, Kansas	Clearwater, Kansas
CORRECT     	EL_ENG_00491	Killingworth, Connecticut	Killingworth, Connecticut
CORRECT     	EL_ENG_00941	Danville, California	Danville, California
WRONG KB ID 	EL_ENG_00274	Trondheim	Trondheim
CORRECT     	EL_ENG_01821	Trondheim	Trondheim
EXP NIL     	EL_ENG_01209	Terry Moore	Terry Moore (actress)
CORRECT     	EL_ENG_01622	Chelsea Handler	Chelsea Handler
CORRECT     	EL_ENG_01229	Hanover, New Hampshire	Hanover, New Hampshire
CORRECT     	EL_ENG_01870	Middlesbrough	Middlesbrough F.C.
WRONG KB ID 	EL_ENG_00104	James Nichols	Terry Nichols
EXP NIL     	EL_ENG_01207	James Nichols	Terry Nichols
CORRECT     	EL_ENG_02069	Philip Kaiser	Philip Mayer Kaiser
CORRECT     	EL_ENG_00837	Danville	Danville, Virginia
CORRECT     	EL_ENG_02019	Woodstock, Georgia	Woodstock, Georgia
CORRECT     	EL_ENG_01221	Yolanda King	Yolanda King
EXP NIL     	EL_ENG_01238	BoT	Bhutan
EXP NIL     	EL_ENG_00770	Peter Schiff	Peter Schiff
EXP NIL     	EL_ENG_01989	Peter Schiff	Peter Schiff
CORRECT     	EL_ENG_01818	Barbara Gittings	Barbara Gittings
WRONG KB ID 	EL_ENG_01190	ATHENS	Athens
CORRECT     	EL_ENG_01879	Athens	Athens
CORRECT     	EL_ENG_00840	HAL	Holland America Line
CORRECT     	EL_ENG_00316	Mike Nichols	Mike Nichols
EXP NIL     	EL_ENG_00616	Leicester	Leicester
EXP NIL     	EL_ENG_01189	Patrick Moore	Patrick Moore
CORRECT     	EL_ENG_02152	Takashi Murakami	Takashi Murakami
CORRECT     	EL_ENG_01370	Centers for Disease Control	Centers for Disease Control and Prevention
CORRECT     	EL_ENG_01565	CDC	Centers for Disease Control and Prevention
CORRECT     	EL_ENG_01294	Angolan Armed Forces	Angolan Armed Forces
CORRECT     	EL_ENG_00895	Rolling Stones	The Rolling Stones
CORRECT     	EL_ENG_00036	Ulster Defense Association	Ulster Defence Association
EXP NIL     	EL_ENG_00923	UDA	Ulster Defence Association
WRONG KB ID 	EL_ENG_00980	Uda	Ulster Defence Association
WRONG KB ID 	EL_ENG_00076	Cambridge	Rosalind Franklin
WRONG KB ID 	EL_ENG_00275	Tottenham	Tottenham
WRONG KB ID 	EL_ENG_00672	Woodbridge	Woodbridge Center
CORRECT     	EL_ENG_01377	Pakistan Olympic Association	Pakistan Olympic Association
WRONG KB ID 	EL_ENG_01915	Millbrook, New York	Millbrook, New York
CORRECT     	EL_ENG_00604	Chase Bank	Chase (bank)
CORRECT     	EL_ENG_01365	Warren, Ohio	Warren, Ohio
WRONG KB ID 	EL_ENG_01274	Anchorage, Alaska	Anchorage, Alaska
CORRECT     	EL_ENG_01566	Nancy Scranton	Nancy Scranton
EXP NIL     	EL_ENG_00663	Cougars	Washington State Cougars
CORRECT     	EL_ENG_01448	Richmond, California	Richmond, California
CORRECT     	EL_ENG_00419	Sheff Utd	Sheffield United F.C.
CORRECT     	EL_ENG_00517	Pacman Jones	Adam Jones (American football)
WRONG KB ID 	EL_ENG_01555	Bloomfield	Mike Bloomfield
EXP NIL     	EL_ENG_00619	Rodney Smith	Roots Manuva
EXP NIL     	EL_ENG_00848	Rodney Smith	Roots Manuva
EXP NIL     	EL_ENG_01293	Rodney Smith	Roots Manuva
CORRECT     	EL_ENG_00247	Edward Weston	Edward Weston
EXP NIL     	EL_ENG_01677	Weston	Edward Weston
CORRECT     	EL_ENG_01183	Chicago Transit Authority	Chicago Transit Authority
WRONG KB ID 	EL_ENG_01467	Burlington, Washington	Burlington, Washington
EXP NIL     	EL_ENG_01628	Mark Clark	Mark Wayne Clark
CORRECT     	EL_ENG_01048	Chad Clifton	Chad Clifton
EXP NIL     	EL_ENG_01415	Austin Starr	Austin Aries
CORRECT     	EL_ENG_00926	Breckenridge, Texas	Breckenridge, Texas
CORRECT     	EL_ENG_01614	Veterans Affairs	United States Department of Veterans Affairs
WRONG KB ID 	EL_ENG_01655	Tesla Roadsters	Tesla Roadster
WRONG KB ID 	EL_ENG_00735	Somerset, Pennsylvania	Somerset, Pennsylvania
CORRECT     	EL_ENG_01213	Somerset, Pennsylvania	Somerset, Pennsylvania
WRONG KB ID 	EL_ENG_01449	Somerset, Pennsylvania	Somerset, Pennsylvania
WRONG KB ID 	EL_ENG_01826	NRC	Nuclear Regulatory Commission
CORRECT     	EL_ENG_02097	Nuclear Regulatory Commission	Nuclear Regulatory Commission
EXP NIL     	EL_ENG_02177	NRC	Nuclear Regulatory Commission
WRONG KB ID 	EL_ENG_00304	Joe Wilson	Joseph C. Wilson
CORRECT     	EL_ENG_02090	Bluebirds	Cardiff City F.C.
WRONG KB ID 	EL_ENG_00132	Cardiff	Cardiff
WRONG KB ID 	EL_ENG_01510	Cardiff	Cardiff
WRONG KB ID 	EL_ENG_01718	Cardiff	Cardiff
EXP NIL     	EL_ENG_00841	Thomas Hamilton	Dunblane massacre
CORRECT     	EL_ENG_00826	Howard Dean	Howard Dean
WRONG KB ID 	EL_ENG_01244	Newport, Washington	Newport, Washington
WRONG KB ID 	EL_ENG_00442	Greenville	Greenville, South Carolina
CORRECT     	EL_ENG_00844	Greenville, South Carolina	Greenville, South Carolina
CORRECT     	EL_ENG_00932	Wellsville, Utah	Wellsville, Utah
WRONG KB ID 	EL_ENG_02116	Lakewood	Lakewood, Colorado
EXP NIL     	EL_ENG_01269	MMA	Mixed martial arts
EXP NIL     	EL_ENG_01494	Montreal, Canada	Montreal
CORRECT     	EL_ENG_02144	Naples, Italy	Naples
EXP NIL     	EL_ENG_00051	Oceanside	Oceanside, California
CORRECT     	EL_ENG_01094	Oceanside, California	Oceanside, California
WRONG KB ID 	EL_ENG_00909	Doug Wilson	Doug Wilson (ice hockey)
CORRECT     	EL_ENG_01298	Hayward	Hayward, California
CORRECT     	EL_ENG_01471	Vancouver, British Columbia	Vancouver
EXP NIL     	EL_ENG_01806	Vancouver, British Columbia	Vancouver
EXP NIL     	EL_ENG_02145	Vancouver, Canada	Vancouver
CORRECT     	EL_ENG_00380	David Chase	David Chase
CORRECT     	EL_ENG_00310	Hamilton	Hamilton Watch Company
CORRECT     	EL_ENG_01862	Rick Springfield	Rick Springfield
CORRECT     	EL_ENG_02099	Rick Springfield	Rick Springfield
WRONG KB ID 	EL_ENG_00607	Liverpool	Valencia CF
CORRECT     	EL_ENG_00928	Valencia	Valencia CF
CORRECT     	EL_ENG_02042	Coopersville, Michigan	Coopersville, Michigan
CORRECT     	EL_ENG_00138	Duluth, Minnesota	Duluth, Minnesota
EXP NIL     	EL_ENG_00131	Stephen Kaplan	Stephen Kaplan
EXP NIL     	EL_ENG_01228	Stephen Kaplan	Stephen Kaplan
CORRECT     	EL_ENG_00236	Cambridge, Massachusetts	Cambridge, Massachusetts
CORRECT     	EL_ENG_01582	Rainn Wilson	Rainn Wilson
CORRECT     	EL_ENG_01625	Augustus Hawkins	Augustus F. Hawkins
CORRECT     	EL_ENG_00548	National Rifle Association	National Rifle Association
CORRECT     	EL_ENG_00717	Tesla	Nikola Tesla
WRONG KB ID 	EL_ENG_01454	Somerset, New York	Somerset, New York
CORRECT     	EL_ENG_01904	Transportation Security Administration	Transportation Security Administration
CORRECT     	EL_ENG_00298	Hudson, Ohio	Hudson, Ohio
CORRECT     	EL_ENG_00775	Boston College	Boston College
CORRECT     	EL_ENG_00056	Graeme Brown	Graeme Brown
CORRECT     	EL_ENG_01020	Lyon, France	Lyon
WRONG KB ID 	EL_ENG_02058	Lyon, France	Lyon
CORRECT     	EL_ENG_00313	Tony Parker	Tony Parker
WRONG KB ID 	EL_ENG_02225	John Kelly	Without Remorse
CORRECT     	EL_ENG_00875	British Airways	British Airways
CORRECT     	EL_ENG_00700	Oxford, Maryland	Oxford, Maryland
CORRECT     	EL_ENG_01804	Stanley Kaplan	Kaplan, Inc.
CORRECT     	EL_ENG_00612	Andrew Walker	Andrew Walker (rugby)
CORRECT     	EL_ENG_00702	Edie Adams	Edie Adams
EXP NIL     	EL_ENG_00510	Ken Wilson	Ken Wilson (sportscaster)
CORRECT     	EL_ENG_01711	Kirk Broadfoot	Kirk Broadfoot
CORRECT     	EL_ENG_00171	Eugene Fluckey	Eugene B. Fluckey
EXP NIL     	EL_ENG_01575	Greenwich, Connecticut	Greenwich, Connecticut
CORRECT     	EL_ENG_01561	Leeds, Alabama	Leeds, Alabama
CORRECT     	EL_ENG_01156	Chatsworth, Georgia	Chatsworth, Georgia
CORRECT     	EL_ENG_00049	Leisel Jones	Leisel Jones
CORRECT     	EL_ENG_01563	Leisel Jones	Leisel Jones
CORRECT     	EL_ENG_00083	Newport, Kentucky	Newport, Kentucky
CORRECT     	EL_ENG_02049	Mary Louise Wilson	Mary Louise Wilson
CORRECT     	EL_ENG_00532	Watford	Watford F.C.
CORRECT     	EL_ENG_01432	MIA	M.I.A. (artist)
EXP NIL     	EL_ENG_00552	Kenneth Miller	Kenneth R. Miller
CORRECT     	EL_ENG_00927	Newton, New Jersey	Newton, New Jersey
WRONG KB ID 	EL_ENG_01430	Edison, New Jersey	Edison (film)
CORRECT     	EL_ENG_00254	Winchester	Winchester
WRONG KB ID 	EL_ENG_00416	Winchester	Winchester
WRONG KB ID 	EL_ENG_01479	Winchester	Winchester
EXP NIL     	EL_ENG_01761	Winchester	Winchester
CORRECT     	EL_ENG_01939	Joe Montana	Joe Montana
CORRECT     	EL_ENG_00127	Bloomfield, New Jersey	Bloomfield, New Jersey
CORRECT     	EL_ENG_00363	Joaquin Phoenix	Joaquin Phoenix
CORRECT     	EL_ENG_00057	ELIZABETH VARGAS	Elizabeth Vargas
CORRECT     	EL_ENG_00712	Stacey Jones	Stacey Jones
CORRECT     	EL_ENG_00829	Franklin	Aretha Franklin
CORRECT     	EL_ENG_02190	Aretha Franklin	Aretha Franklin
CORRECT     	EL_ENG_01953	Libby Lenton	Libby Trickett
CORRECT     	EL_ENG_01825	Eddie Thompson	Eddie Thompson
CORRECT     	EL_ENG_01844	Council of Trade Unions	New Zealand Council of Trade Unions
CORRECT     	EL_ENG_01002	Fayetteville, North Carolina	Fayetteville, North Carolina
CORRECT     	EL_ENG_00014	PAL	Philippine Airlines
CORRECT     	EL_ENG_01959	Monroeville, Pennsylvania	Monroeville, Pennsylvania
WRONG KB ID 	EL_ENG_02125	Monroeville	Monroeville, Pennsylvania
WRONG KB ID 	EL_ENG_00816	Trenton	Trenton, New Jersey
CORRECT     	EL_ENG_02169	Trenton	Trenton, New Jersey
CORRECT     	EL_ENG_01747	Somerset	Somerset
CORRECT     	EL_ENG_01935	Somerset	Somerset
EXP NIL     	EL_ENG_00747	Mike Adams	Mike Adams (pitcher)
CORRECT     	EL_ENG_01506	Patterson, California	Patterson, California
CORRECT     	EL_ENG_00492	Tommy Thompson	Tommy Thompson
CORRECT     	EL_ENG_00793	Tommy Thompson	Tommy Thompson
EXP NIL     	EL_ENG_01457	Tara Hunt	Tara Hunt
CORRECT     	EL_ENG_00117	Mansfield, Ohio	Mansfield, Ohio
CORRECT     	EL_ENG_00177	Leeds Rhinos	Leeds Rhinos
CORRECT     	EL_ENG_00713	Jamestown, Ohio	Jamestown, Ohio
CORRECT     	EL_ENG_01049	Riverside, Ohio	Riverside, Ohio
EXP NIL     	EL_ENG_01629	CBA	Continental Basketball Association
CORRECT     	EL_ENG_00511	Howard University	Howard University
EXP NIL     	EL_ENG_00876	Paul Bennett	Paul Bennett (football player)
CORRECT     	EL_ENG_00020	University of North Carolina-Charlotte	University of North Carolina at Charlotte
CORRECT     	EL_ENG_00045	Greenville, Texas	Greenville, Texas
CORRECT     	EL_ENG_00209	Bakersfield, California	Bakersfield, California
CORRECT     	EL_ENG_00191	Albany, New York	Albany, New York
WRONG KB ID 	EL_ENG_00561	Bedford	Bedford
CORRECT     	EL_ENG_01764	Bedford	Bedford
WRONG KB ID 	EL_ENG_00287	Exeter, New Hampshire	Exeter, New Hampshire
WRONG KB ID 	EL_ENG_01472	Wigan	Wigan
CORRECT     	EL_ENG_01673	Auburn, New York	Auburn, New York
CORRECT     	EL_ENG_00063	Firestone	Firestone Tire and Rubber Company
CORRECT     	EL_ENG_00657	Rutherford B. Hayes	Rutherford B. Hayes
CORRECT     	EL_ENG_01749	James Jones	James Jones (basketball player)
WRONG KB ID 	EL_ENG_00540	Wilson Sporting Goods	Woodrow Wilson
EXP NIL     	EL_ENG_01131	Wilson	Woodrow Wilson
CORRECT     	EL_ENG_01115	Spurs	Tottenham Hotspur F.C.
CORRECT     	EL_ENG_01289	Tottenham	Tottenham Hotspur F.C.
CORRECT     	EL_ENG_01769	Chesterfield, Missouri	Chesterfield, Missouri
CORRECT     	EL_ENG_01873	Chesterfield, Missouri	Chesterfield, Missouri
CORRECT     	EL_ENG_00957	Manchester, Georgia	Manchester, Georgia
CORRECT     	EL_ENG_00546	Auburn	Auburn University
WRONG KB ID 	EL_ENG_00325	ACI	Milan
CORRECT     	EL_ENG_02224	MLS	Major League Soccer
CORRECT     	EL_ENG_00075	Andrew Jackson	Andrew Jackson
CORRECT     	EL_ENG_00011	Tammy Faye Messner	Tammy Faye Messner
CORRECT     	EL_ENG_01951	Blytheville, Arkansas	Blytheville, Arkansas
CORRECT     	EL_ENG_00918	Jim Bakker	Jim Bakker
CORRECT     	EL_ENG_01921	Kirk Hinrich	Kirk Hinrich
CORRECT     	EL_ENG_00400	Steven Derounian	Steven Derounian
WRONG KB ID 	EL_ENG_00217	Villains	The Powerpuff Girls
CORRECT     	EL_ENG_01719	Phil Jackson	Phil Jackson
WRONG KB ID 	EL_ENG_00292	American Airlines	Federal Aviation Administration
CORRECT     	EL_ENG_02061	Federal Aviation Administration	Federal Aviation Administration
CORRECT     	EL_ENG_00508	Josh Howard	Josh Howard
CORRECT     	EL_ENG_01597	Breckenridge, Colorado	Breckenridge, Colorado
CORRECT     	EL_ENG_01167	Martin Starr	Martin Starr
CORRECT     	EL_ENG_01427	Newark, Ohio	Newark, Ohio
WRONG KB ID 	EL_ENG_01809	Farmington, New Mexico	Four Corners Regional Airport
CORRECT     	EL_ENG_01595	Chad Varah	Chad Varah
CORRECT     	EL_ENG_01976	NKOTB	New Kids on the Block
CORRECT     	EL_ENG_02196	new kids	New Kids on the Block
EXP NIL     	EL_ENG_01702	Buena Vista	Buena Vista Social Club
CORRECT     	EL_ENG_00034	Porto	Porto
WRONG KB ID 	EL_ENG_00188	Porto, Portugal	Porto
CORRECT     	EL_ENG_00463	Jackson, Ohio	Jackson, Ohio
EXP NIL     	EL_ENG_00562	Scranton	Scranton, Pennsylvania
CORRECT     	EL_ENG_00628	Scranton, Pennsylvania	Scranton, Pennsylvania
CORRECT     	EL_ENG_01383	Fenton, Michigan	Fenton, Michigan
CORRECT     	EL_ENG_00154	Frisco, Colorado	Frisco, Colorado
EXP NIL     	EL_ENG_00004	FSC	Forest Stewardship Council
CORRECT     	EL_ENG_01350	Forest Stewardship Council	Forest Stewardship Council
WRONG KB ID 	EL_ENG_00899	Liverpool	Liverpool
CORRECT     	EL_ENG_02033	Matthew Newton	Matthew Newton
WRONG KB ID 	EL_ENG_02111	Hatfield	Mark Hatfield
WRONG KB ID 	EL_ENG_00520	Avon, Colorado	Beaver Creek Resort
CORRECT     	EL_ENG_01419	Michael Clarke	Michael Clarke (cricketer)
CORRECT     	EL_ENG_00052	James Brown	James Brown
EXP NIL     	EL_ENG_00990	BROWN	James Brown
CORRECT     	EL_ENG_01149	James Brown	James Brown
WRONG KB ID 	EL_ENG_00953	MoCA	Moca, Dominican Republic
CORRECT     	EL_ENG_00991	Naomi Campbell	Naomi Campbell
WRONG KB ID 	EL_ENG_00341	New York Daily News	The New York Times
CORRECT     	EL_ENG_00134	Lexington, Massachusetts	Lexington, Massachusetts
WRONG KB ID 	EL_ENG_00334	Watertown, New York	Fort Drum
WRONG KB ID 	EL_ENG_01116	Watertown, New York	Fort Drum
EXP NIL     	EL_ENG_00257	Florida	Florida
CORRECT     	EL_ENG_01402	Burlington	Burlington, Massachusetts
CORRECT     	EL_ENG_00811	Demi Moore	Demi Moore
EXP NIL     	EL_ENG_01378	Richard Carroll	Richard Carroll
CORRECT     	EL_ENG_01262	Robert Wilson	Robert Wilson (director)
CORRECT     	EL_ENG_01737	Jacque Jones	Jacque Jones
CORRECT     	EL_ENG_01026	Richard Clarke	Richard A. Clarke
CORRECT     	EL_ENG_01052	Richard Clarke	Richard A. Clarke
CORRECT     	EL_ENG_00768	Plainfield, New Hampshire	Plainfield, New Hampshire
WRONG KB ID 	EL_ENG_00746	Durham, North Carolina	Durham, North Carolina
CORRECT     	EL_ENG_02146	Thomasville, North Carolina	Thomasville, North Carolina
EXP NIL     	EL_ENG_00956	Lexington	Lexington, Kentucky
CORRECT     	EL_ENG_01393	Lexington, Kentucky	Lexington, Kentucky
WRONG KB ID 	EL_ENG_01745	Wildcats	Northwestern Wildcats
CORRECT     	EL_ENG_01515	Hugh Miller	Hugh Miller
CORRECT     	EL_ENG_00828	Jesse Jackson	Jesse Jackson
CORRECT     	EL_ENG_00555	Harcourt	Port Harcourt
WRONG KB ID 	EL_ENG_02216	Awami League	Sheikh Mujibur Rahman
CORRECT     	EL_ENG_00549	Burnley	Burnley F.C.
CORRECT     	EL_ENG_01168	Burnley	Burnley F.C.
CORRECT     	EL_ENG_01224	Middleburg, Virginia	Middleburg, Virginia
EXP NIL     	EL_ENG_00949	Dean	Swizz Beatz
CORRECT     	EL_ENG_01399	Samuel Jackson	Samuel L. Jackson
EXP NIL     	EL_ENG_00246	Ross Wilson	Ross Wilson (musician)
CORRECT     	EL_ENG_01940	The Starr Foundation	The Starr Foundation
CORRECT     	EL_ENG_01744	BNA	BNA Records
EXP NIL     	EL_ENG_01992	BNA	BNA Records
EXP NIL     	EL_ENG_01492	Richard Schiff	Richard Schiff
EXP NIL     	EL_ENG_01591	Richard Schiff	Richard Schiff
CORRECT     	EL_ENG_01906	Northampton, Massachusetts	Northampton, Massachusetts
CORRECT     	EL_ENG_01558	Lakewood, Ohio	Lakewood, Ohio
CORRECT     	EL_ENG_01011	Dennis Rodman	Dennis Rodman
CORRECT     	EL_ENG_00038	Englishtown, New Jersey	Englishtown, New Jersey
EXP NIL     	EL_ENG_00200	Englishtown	Englishtown, New Jersey
CORRECT     	EL_ENG_01035	Ryan Howard	Ryan Howard
CORRECT     	EL_ENG_00290	Shawn Johnson	Shawn Johnson
CORRECT     	EL_ENG_01486	Shawn Johnson	Shawn Johnson
CORRECT     	EL_ENG_01783	Shawn Johnson	Shawn Johnson
EXP NIL     	EL_ENG_00506	Brian Brown	Bryan Brown
WRONG KB ID 	EL_ENG_01285	Charleston, West Virginia	WCHS-TV
CORRECT     	EL_ENG_01398	Jerry Springer	Jerry Springer
CORRECT     	EL_ENG_01028	Avram Grant	Avram Grant
CORRECT     	EL_ENG_00355	Russellville, Arkansas	Russellville, Arkansas
WRONG KB ID 	EL_ENG_00653	Carroll, Iowa	Carroll, Iowa
CORRECT     	EL_ENG_01199	Centerville, Iowa	Centerville, Iowa
CORRECT     	EL_ENG_00081	Roger Daltrey	Roger Daltrey
CORRECT     	EL_ENG_00744	Roger Daltry	Roger Daltrey
CORRECT     	EL_ENG_01460	Roger Daltry	Roger Daltrey
CORRECT     	EL_ENG_00862	Anderson Cooper	Anderson Cooper
WRONG KB ID 	EL_ENG_00466	Allen Stanford	Allen Stanford
CORRECT     	EL_ENG_00988	Barbara Buckley	Barbara Buckley
CORRECT     	EL_ENG_02138	Alexandria, Egypt	Alexandria
CORRECT     	EL_ENG_02066	Sienna Miller	Sienna Miller
CORRECT     	EL_ENG_01797	Morgan Carroll	Morgan Carroll
CORRECT     	EL_ENG_01958	Becki Newton	Becki Newton
CORRECT     	EL_ENG_02112	Becki Newton	Becki Newton
CORRECT     	EL_ENG_00431	Adrian Wilson	Adrian Wilson (American football)
WRONG KB ID 	EL_ENG_01113	Newtown	Stephens City, Virginia
EXP NIL     	EL_ENG_01640	Newtown	Stephens City, Virginia
CORRECT     	EL_ENG_00437	Watertown, Massachusetts	Watertown, Massachusetts
CORRECT     	EL_ENG_02039	Watertown	Watertown, Massachusetts
CORRECT     	EL_ENG_00748	Parren Mitchell	Parren Mitchell
CORRECT     	EL_ENG_00596	Lakewood, New Jersey	Lakewood Township, New Jersey
WRONG KB ID 	EL_ENG_01103	Albany, Oregon	Albany, Oregon (Amtrak station)
CORRECT     	EL_ENG_01971	Greenville, Ohio	Greenville, Ohio
CORRECT     	EL_ENG_00529	Newberry, Michigan	Newberry, Michigan
CORRECT     	EL_ENG_01724	Jessica Hardy	Jessica Hardy
CORRECT     	EL_ENG_00676	Lucie Silvas	Lucie Silvas
CORRECT     	EL_ENG_00916	Fayetteville, Georgia	Fayetteville, Georgia
CORRECT     	EL_ENG_01273	Owen Wilson	Owen Wilson
WRONG KB ID 	EL_ENG_02132	Arlington, Washington	Arlington, Washington
CORRECT     	EL_ENG_02028	Robert McNair	Robert Evander McNair
CORRECT     	EL_ENG_01704	New Brunswick	New Brunswick
EXP NIL     	EL_ENG_02175	Zurich	ETH Zurich
WRONG KB ID 	EL_ENG_00945	Fairfield	Bridgeport, Connecticut
WRONG KB ID 	EL_ENG_01291	Fairfield	Bridgeport, Connecticut
CORRECT     	EL_ENG_00133	Monaco	Monaco
EXP NIL     	EL_ENG_01686	Juan Monaco	Monaco
WRONG KB ID 	EL_ENG_02213	Monaco	Monaco
CORRECT     	EL_ENG_00136	Clifton, Texas	Clifton, Texas
WRONG KB ID 	EL_ENG_02122	Somerset, Maryland	Somerset, Maryland
EXP NIL     	EL_ENG_00143	Mansfield	Mansfield
EXP NIL     	EL_ENG_00825	Mansfield	Mansfield
CORRECT     	EL_ENG_01509	Mansfield	Mansfield
CORRECT     	EL_ENG_00390	Gary Collins	Gary Collins (actor)
CORRECT     	EL_ENG_00227	Rangers	Rangers F.C.
CORRECT     	EL_ENG_00301	Rangers FC	Rangers F.C.
EXP NIL     	EL_ENG_00359	Rangers	Rangers F.C.
EXP NIL     	EL_ENG_01482	Rangers	Rangers F.C.
EXP NIL     	EL_ENG_01511	Rangers	Rangers F.C.
EXP NIL     	EL_ENG_01725	Rangers	Rangers F.C.
CORRECT     	EL_ENG_01898	Oxford, Iowa	Oxford, Iowa
CORRECT     	EL_ENG_00967	Salisbury University	Salisbury University
WRONG KB ID 	EL_ENG_00708	Stockton, Wisconsin	Stockton, Wisconsin
CORRECT     	EL_ENG_00975	United Space Alliance	United Space Alliance
CORRECT     	EL_ENG_01256	Shirley Franklin	Shirley Franklin
EXP NIL     	EL_ENG_00190	Colorado	Colorado
WRONG KB ID 	EL_ENG_01598	Lakeville, Minnesota	Midway (Amtrak station)
EXP NIL     	EL_ENG_00542	Linda Thompson	Linda Thompson (singer)
CORRECT     	EL_ENG_02192	Concord, California	Concord, California
CORRECT     	EL_ENG_01499	floyd patterson	Floyd Patterson
CORRECT     	EL_ENG_00519	Springfield, Illinois	Springfield, Illinois
CORRECT     	EL_ENG_00981	Springfield, Illinois	Springfield, Illinois
CORRECT     	EL_ENG_02107	Salisbury, Connecticut	Salisbury, Connecticut
CORRECT     	EL_ENG_01624	Josh Henderson	Josh Henderson
CORRECT     	EL_ENG_02025	Ramsey Clark	Ramsey Clark
CORRECT     	EL_ENG_00961	Open Society Institute	Open Society Institute
CORRECT     	EL_ENG_02004	Charles Clarke	Charles Clarke
CORRECT     	EL_ENG_02199	Julianne Moore	Julianne Moore
CORRECT     	EL_ENG_02062	Tim Howard	Tim Howard
CORRECT     	EL_ENG_01777	International Cricket Council	International Cricket Council
CORRECT     	EL_ENG_00016	Jimmy Carter	Jimmy Carter
EXP NIL     	EL_ENG_01270	James Carter	Jimmy Carter
WRONG KB ID 	EL_ENG_01793	Carters	Jimmy Carter
CORRECT     	EL_ENG_02227	Hingham, Massachusetts	Hingham, Massachusetts
CORRECT     	EL_ENG_01433	Sara Evans	Sara Evans
CORRECT     	EL_ENG_01721	Gainesville, Florida	Gainesville, Florida
CORRECT     	EL_ENG_00425	Dean McDermott	Dean McDermott
EXP NIL     	EL_ENG_00161	Newport	Newport
CORRECT     	EL_ENG_00726	Newport	Newport
EXP NIL     	EL_ENG_01641	Newport	Newport
CORRECT     	EL_ENG_00615	David Starr	David Starr
CORRECT     	EL_ENG_00854	DENNIS MILLER	Dennis Miller
EXP NIL     	EL_ENG_01854	Paul Kirk	Manhunter (comics)
CORRECT     	EL_ENG_00408	Raleigh Rhodes	Raleigh Rhodes
CORRECT     	EL_ENG_00195	Lee H. Hamilton	Lee H. Hamilton
CORRECT     	EL_ENG_00917	Lee Hamilton	Lee H. Hamilton
CORRECT     	EL_ENG_00449	Breckenridge, Minnesota	Breckenridge, Minnesota
CORRECT     	EL_ENG_00902	Jamestown, New York	Jamestown, New York
CORRECT     	EL_ENG_01464	Gordon Brown	Gordon Brown
CORRECT     	EL_ENG_01603	Gordon Brown	Gordon Brown
CORRECT     	EL_ENG_01004	Wayne Newton	Wayne Newton
WRONG KB ID 	EL_ENG_00107	Carroll	Julian Carroll
CORRECT     	EL_ENG_00201	Sean Kingston	Sean Kingston
CORRECT     	EL_ENG_01651	Stephin Merritt	Stephin Merritt
EXP NIL     	EL_ENG_01662	Betty Ford	Betty Ford
CORRECT     	EL_ENG_01128	Sinclair	Sinclair Broadcast Group
CORRECT     	EL_ENG_00661	Salisbury, Maryland	Salisbury, Maryland
CORRECT     	EL_ENG_00860	Oxford, Connecticut	Oxford, Connecticut
WRONG KB ID 	EL_ENG_00919	New Castle, New Hampshire	New Castle, New Hampshire
EXP NIL     	EL_ENG_00741	Dean	Supernatural (TV series)
CORRECT     	EL_ENG_02091	Odessa, Texas	Odessa, Texas
CORRECT     	EL_ENG_02142	Waterloo	Waterloo, Ontario
WRONG KB ID 	EL_ENG_01087	Manchester	Manchester
CORRECT     	EL_ENG_01513	Manchester	Manchester
CORRECT     	EL_ENG_01754	Manchester	Manchester
CORRECT     	EL_ENG_01675	Lafayette, California	Lafayette, California
WRONG KB ID 	EL_ENG_01312	HUL	Hindustan Unilever
CORRECT     	EL_ENG_02174	AFL-CIO	AFL-CIO
EXP NIL     	EL_ENG_00272	JACKSON	Janet Jackson
CORRECT     	EL_ENG_00072	Barcelona, Spain	Barcelona
CORRECT     	EL_ENG_01784	Jo Ann Davis	Jo Ann Davis
CORRECT     	EL_ENG_00285	Portland, Oregon	Portland, Oregon
EXP NIL     	EL_ENG_00432	Portland, Oregon	Portland, Oregon
EXP NIL     	EL_ENG_00865	Fairfield, Connecticut	Portland, Oregon
CORRECT     	EL_ENG_01009	Portland, Oregon	Portland, Oregon
WRONG KB ID 	EL_ENG_01911	Portland	Portland, Oregon
WRONG KB ID 	EL_ENG_01949	Fairfield, Connecticut	Portland, Oregon
CORRECT     	EL_ENG_02149	Portland	Portland, Oregon
CORRECT     	EL_ENG_00484	Zondervan	Zondervan
WRONG KB ID 	EL_ENG_00624	Hillsdale, Michigan	Hillsdale, Michigan
CORRECT     	EL_ENG_01063	Xavier Carter	Xavier Carter
CORRECT     	EL_ENG_00762	Robin Moore	Robin Moore
CORRECT     	EL_ENG_01893	New Castle, Colorado	New Castle, Colorado
EXP NIL     	EL_ENG_01723	West Ham	West Ham
CORRECT     	EL_ENG_01045	Edwin Starr	Edwin Starr
WRONG KB ID 	EL_ENG_00878	Newberry, South Carolina	Newberry, South Carolina
CORRECT     	EL_ENG_01889	Alcatel-Lucent	Alcatel-Lucent
CORRECT     	EL_ENG_01734	Bangor, Michigan	Bangor, Michigan
CORRECT     	EL_ENG_00880	Kingston, Jamaica	Kingston, Jamaica
CORRECT     	EL_ENG_01055	Kingston, Jamaica	Kingston, Jamaica
CORRECT     	EL_ENG_01872	Kingston, Jamaica	Kingston, Jamaica
WRONG KB ID 	EL_ENG_02082	Chris Carter	The X-Files
CORRECT     	EL_ENG_01316	University of Kentucky	University of Kentucky
CORRECT     	EL_ENG_01995	Megan Fox	Megan Fox
CORRECT     	EL_ENG_01326	Arthur C. Clarke	Arthur C. Clarke
CORRECT     	EL_ENG_01824	Arthur C. Clarke	Arthur C. Clarke
CORRECT     	EL_ENG_01903	Huntington, New York	Huntington, New York
CORRECT     	EL_ENG_02110	Billy Walkabout	Billy Walkabout
CORRECT     	EL_ENG_00982	Hugh Grant	Hugh Grant
EXP NIL     	EL_ENG_00460	Wildcats	Kentucky Wildcats
WRONG KB ID 	EL_ENG_00997	Wildcats	Kentucky Wildcats
EXP NIL     	EL_ENG_01360	Wildcats	Kentucky Wildcats
CORRECT     	EL_ENG_01914	Medford, New York	Medford, New York
EXP NIL     	EL_ENG_01932	Buffalo, Minnesota	Buffalo, Minnesota
CORRECT     	EL_ENG_00044	Dickinson College	Dickinson College
CORRECT     	EL_ENG_01137	Chesterfield, South Carolina	Chesterfield, South Carolina
CORRECT     	EL_ENG_01833	Marilee Jones	Marilee Jones
CORRECT     	EL_ENG_01155	Sherwin-Williams	Sherwin-Williams
CORRECT     	EL_ENG_00573	Manchester, New Hampshire	Manchester, New Hampshire
CORRECT     	EL_ENG_01469	Robert Buckley	Robert Buckley
CORRECT     	EL_ENG_01075	Millville, New Jersey	Millville, New Jersey
CORRECT     	EL_ENG_01524	Peter Buxton	Peter Buxton
CORRECT     	EL_ENG_01633	Lions Clubs International	Lions Clubs International
CORRECT     	EL_ENG_00320	Howard Stern	Howard Stern
WRONG KB ID 	EL_ENG_01849	Howard Stern	Howard Stern
WRONG KB ID 	EL_ENG_02206	Devon	Devon
WRONG KB ID 	EL_ENG_00900	Everton	Tim Cahill
EXP NIL     	EL_ENG_00362	Gary Brown	Gary Brown
WRONG KB ID 	EL_ENG_01608	Salem, Massachusetts	Salem, Massachusetts
CORRECT     	EL_ENG_02096	Salem, Massachusetts	Salem, Massachusetts
CORRECT     	EL_ENG_01829	Mount Pleasant, Michigan	Mount Pleasant, Michigan
EXP NIL     	EL_ENG_01123	Le Havre	Le Havre
EXP NIL     	EL_ENG_01594	Le Harve	Le Havre
CORRECT     	EL_ENG_01798	Oxford, Massachusetts	Oxford, Massachusetts
CORRECT     	EL_ENG_00745	Christian Brando	Christian Brando
CORRECT     	EL_ENG_02135	Hudson, Massachusetts	Hudson, Massachusetts
CORRECT     	EL_ENG_01184	Ali Carter	Allister Carter
CORRECT     	EL_ENG_00503	Mark Kirk	Mark Kirk
CORRECT     	EL_ENG_00100	Summer Phoenix	Summer Phoenix
CORRECT     	EL_ENG_00600	New Castle, Indiana	New Castle, Indiana
CORRECT     	EL_ENG_01346	Jennifer Dunn	Jennifer Dunn
CORRECT     	EL_ENG_00266	Tom Jones	Tom Jones (singer)
CORRECT     	EL_ENG_01085	Javon Walker	Javon Walker
EXP NIL     	EL_ENG_00213	WWF	World Wrestling Entertainment
CORRECT     	EL_ENG_01133	WWF	World Wrestling Entertainment
EXP NIL     	EL_ENG_00846	Anaheim	Anaheim, California
EXP NIL     	EL_ENG_01453	Anaheim	Anaheim, California
EXP NIL     	EL_ENG_01732	Anaheim	Anaheim, California
CORRECT     	EL_ENG_02079	Anaheim, California	Anaheim, California
WRONG KB ID 	EL_ENG_00125	Pineville, Kentucky	Pineville, Kentucky
WRONG KB ID 	EL_ENG_00861	USA	Spain national football team
CORRECT     	EL_ENG_00343	Brownsville, Tennessee	Brownsville, Tennessee
CORRECT     	EL_ENG_02094	Ellensburg, Washington	Ellensburg, Washington
CORRECT     	EL_ENG_01153	Bellevue	Bellevue, Washington
EXP NIL     	EL_ENG_02077	Ama	AMA Computer University
CORRECT     	EL_ENG_00655	Norfolk	Norfolk
CORRECT     	EL_ENG_01142	Nathan Brown	Nathan Brown (rugby league)
CORRECT     	EL_ENG_00468	Thelma Houston	Thelma Houston
EXP NIL     	EL_ENG_00067	Jimmy Dean	Jimmy Dean
CORRECT     	EL_ENG_01357	Millville, Utah	Millville, Utah
EXP NIL     	EL_ENG_02053	Somerset, Kentucky	Somerset, Kentucky
CORRECT     	EL_ENG_01414	Clifton, Arizona	Clifton, Arizona
WRONG KB ID 	EL_ENG_02173	Chris Brown	Rihanna
CORRECT     	EL_ENG_00800	Richard Nolte	Richard Nolte
CORRECT     	EL_ENG_01395	Paul Gillmor	Paul Gillmor
WRONG KB ID 	EL_ENG_01569	David Thompson	David Thompson (explorer)
CORRECT     	EL_ENG_00496	Dover, Arkansas	Dover, Arkansas
CORRECT     	EL_ENG_01390	Burlington, Iowa	Burlington, Iowa
WRONG KB ID 	EL_ENG_01439	BIR	Battle of Bir Hakeim
EXP NIL     	EL_ENG_00271	ACI	Adolf Hitler
WRONG KB ID 	EL_ENG_00490	UK	Adolf Hitler
WRONG KB ID 	EL_ENG_00872	Beeb	BBC Micro
CORRECT     	EL_ENG_02113	Lakeville, Minnesota	Lakeville, Minnesota
WRONG KB ID 	EL_ENG_00010	Burlington	Burlington, Vermont
WRONG KB ID 	EL_ENG_00683	Burlington	Burlington, Vermont
CORRECT     	EL_ENG_01182	Burlington	Burlington, Vermont
CORRECT     	EL_ENG_01899	Burlington, Vermont	Burlington, Vermont
CORRECT     	EL_ENG_00103	Rochester, New York	Rochester, New York
CORRECT     	EL_ENG_01444	Scott Olsen	Scott Olsen
CORRECT     	EL_ENG_00618	Kevin Carter	Kevin Carter (American football)
CORRECT     	EL_ENG_00843	Searcy, Arkansas	Searcy, Arkansas
CORRECT     	EL_ENG_00493	Wentworth Miller	Wentworth Miller
WRONG KB ID 	EL_ENG_01693	Pleasantville	Pleasantville (film)
WRONG KB ID 	EL_ENG_00679	Jackson Co	Jackson County, Oregon
EXP NIL     	EL_ENG_01243	Clifton, Kansas	Clifton, Kansas
CORRECT     	EL_ENG_00135	Parkville, Maryland	Parkville, Maryland
CORRECT     	EL_ENG_00184	Andy Carroll	Andy Carroll
CORRECT     	EL_ENG_01248	Wilmington, Delaware	Wilmington, Delaware
CORRECT     	EL_ENG_01338	Wilmington, Delaware	Wilmington, Delaware
CORRECT     	EL_ENG_01417	International Criminal Court	International Criminal Court
CORRECT     	EL_ENG_02222	Allan Houston	Allan Houston
CORRECT     	EL_ENG_01775	Ian Smith	Ian Smith
CORRECT     	EL_ENG_01104	Arena Football League	Arena Football League
CORRECT     	EL_ENG_00965	Plainfield, Iowa	Plainfield, Iowa
CORRECT     	EL_ENG_00241	John Howard	John Howard
CORRECT     	EL_ENG_01076	John Howard	John Howard
EXP NIL     	EL_ENG_01850	Johnny Howard	John Howard
CORRECT     	EL_ENG_00716	Mount Pleasant, Texas	Mount Pleasant, Texas
CORRECT     	EL_ENG_01382	Cornwall	Cornwall
WRONG KB ID 	EL_ENG_01892	Cornwall	Cornwall
EXP NIL     	EL_ENG_01965	Cornwall	Cornwall
WRONG KB ID 	EL_ENG_02123	Hempstead, New York	Hempstead (village), New York
CORRECT     	EL_ENG_00937	Hazell Dean	Hazell Dean
CORRECT     	EL_ENG_01788	Oakville, Iowa	Oakville, Iowa
CORRECT     	EL_ENG_01697	Nowthen, Minnesota	Nowthen, Minnesota
CORRECT     	EL_ENG_01823	Ashland University	Ashland University
CORRECT     	EL_ENG_00069	USA Network	USA Network
CORRECT     	EL_ENG_01536	USA	USA Network
EXP NIL     	EL_ENG_00779	ANZ	Australia and New Zealand Banking Group
CORRECT     	EL_ENG_02172	Danville, Pennsylvania	Danville, Pennsylvania
CORRECT     	EL_ENG_00584	Bobby Brown	Bobby Brown
CORRECT     	EL_ENG_01616	Troy Brown	Troy Brown
CORRECT     	EL_ENG_02176	Jackson, Kentucky	Jackson, Kentucky
CORRECT     	EL_ENG_00788	Foxy Brown	Foxy Brown (rapper)
CORRECT     	EL_ENG_01714	Foxy Brown	Foxy Brown (rapper)
CORRECT     	EL_ENG_01100	Woodstock, Ontario	Woodstock, Ontario
WRONG KB ID 	EL_ENG_00633	Barack Hussein Obama	Barack Obama
WRONG KB ID 	EL_ENG_01068	Washington	Barack Obama
WRONG KB ID 	EL_ENG_00734	EVR	Eesti Raudtee
WRONG KB ID 	EL_ENG_00643	Glendale	Glendale, California
WRONG KB ID 	EL_ENG_00879	Glendale	Glendale, California
CORRECT     	EL_ENG_01059	Glendale, California	Glendale, California
WRONG KB ID 	EL_ENG_01717	Glendale, California	Glendale, California
CORRECT     	EL_ENG_00674	Claude Kirk	Claude R. Kirk, Jr.
WRONG KB ID 	EL_ENG_01037	Arlington	Dallas, Texas
WRONG KB ID 	EL_ENG_01636	D-Town	Dallas, Texas
WRONG KB ID 	EL_ENG_00803	Litchfield, New York	Litchfield, New York
CORRECT     	EL_ENG_00999	Jefferson DeBlanc	Jefferson J. DeBlanc
EXP NIL     	EL_ENG_00839	Mark Thompson	Mark Thompson (footballer)
CORRECT     	EL_ENG_00046	National Medical Association	National Medical Association
CORRECT     	EL_ENG_00623	Burnsville, Minnesota	Burnsville, Minnesota
CORRECT     	EL_ENG_02148	Springfield, Vermont	Springfield, Vermont
WRONG KB ID 	EL_ENG_01813	Glen Johnson	Glen Johnson (English footballer)
CORRECT     	EL_ENG_00929	Brian Nichols	Brian Nichols
CORRECT     	EL_ENG_01084	Tucker Carlson	Tucker Carlson
CORRECT     	EL_ENG_00921	Wesley Clark	Wesley Clark
CORRECT     	EL_ENG_01201	Wesley Clark	Wesley Clark
CORRECT     	EL_ENG_01342	Anthony Carter	Anthony Carter
WRONG KB ID 	EL_ENG_01040	BBC	BBC One
CORRECT     	EL_ENG_00662	Organization of American States	Organization of American States
CORRECT     	EL_ENG_01508	Stockton, California	Stockton, California
CORRECT     	EL_ENG_00758	Art Buchwald	Art Buchwald
CORRECT     	EL_ENG_00357	Hanover	Hanover
CORRECT     	EL_ENG_00169	Montgomery, Alabama	Montgomery, Alabama
CORRECT     	EL_ENG_00731	Al Wilson	Al Wilson (singer)
CORRECT     	EL_ENG_00756	Al Wilson	Al Wilson (singer)
CORRECT     	EL_ENG_00381	Alison Carroll	Alison Carroll
CORRECT     	EL_ENG_01367	Clive Lloyd	Clive Lloyd
WRONG KB ID 	EL_ENG_01835	Princeton, Indiana	Toyota Motor Manufacturing Indiana
WRONG KB ID 	EL_ENG_00587	Waterloo, Wisconsin	Trek Bicycle Corporation
EXP NIL     	EL_ENG_01363	UCA	University of Central Arkansas
CORRECT     	EL_ENG_01751	University of Central Arkansas	University of Central Arkansas
CORRECT     	EL_ENG_00040	Portland, Maine	Portland, Maine
CORRECT     	EL_ENG_01442	Portland, Maine	Portland, Maine
CORRECT     	EL_ENG_00461	IBM	IBM
EXP NIL     	EL_ENG_00785	Sarah Pardee Winchester	Sarah Winchester
WRONG KB ID 	EL_ENG_02104	Fox	Fox Broadcasting Company
CORRECT     	EL_ENG_00270	Greenville, North Carolina	Greenville, North Carolina
CORRECT     	EL_ENG_00970	Westfield, New Jersey	Westfield, New Jersey
CORRECT     	EL_ENG_00260	Lois Capps	Lois Capps
CORRECT     	EL_ENG_01661	Earl Lloyd	Earl Lloyd
EXP NIL     	EL_ENG_00392	Plainfield	Plainfield, New Jersey
WRONG KB ID 	EL_ENG_01860	Plainfield	Plainfield, New Jersey
CORRECT     	EL_ENG_02092	Plainfield, New Jersey	Plainfield, New Jersey
EXP NIL     	EL_ENG_01023	ETA	ETA
CORRECT     	EL_ENG_01029	ETA	ETA
CORRECT     	EL_ENG_00462	Waterloo, Sierra Leone	Waterloo, Sierra Leone
CORRECT     	EL_ENG_01452	Peter Jackson	Peter Jackson
EXP NIL     	EL_ENG_01163	Santa Cruz	Santa Cruz, California
CORRECT     	EL_ENG_01443	Santa Cruz, California	Santa Cruz, California
CORRECT     	EL_ENG_01588	Silverdale, Washington	Silverdale, Washington
WRONG KB ID 	EL_ENG_00617	Fairfield, Ohio	Fairborn, Ohio
CORRECT     	EL_ENG_01265	Milford, Iowa	Milford, Iowa
CORRECT     	EL_ENG_00483	Oceanside, Oregon	Oceanside, Oregon
CORRECT     	EL_ENG_00218	Somerset, Massachusetts	Somerset, Massachusetts
CORRECT     	EL_ENG_01196	Somerset, Massachusetts	Somerset, Massachusetts
CORRECT     	EL_ENG_00376	Victorville, California	Victorville, California
CORRECT     	EL_ENG_00102	Birmingham, Alabama	Birmingham, Alabama
WRONG KB ID 	EL_ENG_00369	Birmingham, Alabama	Birmingham, Alabama
WRONG KB ID 	EL_ENG_01140	Birmingham, Alabama	Birmingham, Alabama
CORRECT     	EL_ENG_01490	Birmingham, Alabama	Birmingham, Alabama
CORRECT     	EL_ENG_00451	Oxford University Press	Oxford University Press
CORRECT     	EL_ENG_01557	Oxford University Press	Oxford University Press
WRONG KB ID 	EL_ENG_00855	Lexington, Nebraska	KRVN (AM)
CORRECT     	EL_ENG_00426	Molly Ivins	Molly Ivins
CORRECT     	EL_ENG_01192	David Halberstam	David Halberstam
CORRECT     	EL_ENG_01066	James Dean	James Dean
CORRECT     	EL_ENG_02000	Camden, Maine	Camden, Maine
EXP NIL     	EL_ENG_00910	Chatsworth, California	2008 Chatsworth train collision
EXP NIL     	EL_ENG_01372	Somerville	Somerville, Massachusetts
WRONG KB ID 	EL_ENG_00996	Sam Adams	Samuel Adams
CORRECT     	EL_ENG_00348	Jim Gerlach	Jim Gerlach
CORRECT     	EL_ENG_00518	Bologna	Bologna
EXP NIL     	EL_ENG_01277	Bologna, Italy	Bologna
CORRECT     	EL_ENG_01027	Lawrence Summers	Lawrence Summers
CORRECT     	EL_ENG_00406	Springfield	Springfield, Massachusetts
CORRECT     	EL_ENG_00823	Springfield, Massachusetts	Springfield, Massachusetts
CORRECT     	EL_ENG_01669	Hamish Carter	Hamish Carter
CORRECT     	EL_ENG_00005	Bristol, Uk	Bristol
CORRECT     	EL_ENG_00182	Valentino Rossi	Valentino Rossi
CORRECT     	EL_ENG_00273	Carnival Cruise Lines	Carnival Cruise Lines
WRONG KB ID 	EL_ENG_00639	Fairfield	Fairfield, California
CORRECT     	EL_ENG_00987	PIL	Public Image Ltd.
CORRECT     	EL_ENG_00877	Chelsea Clinton	Chelsea Clinton
WRONG KB ID 	EL_ENG_01668	Chelsea	Chelsea Clinton
WRONG KB ID 	EL_ENG_02081	Madison	Madison, Wisconsin
CORRECT     	EL_ENG_01541	ConAgra Foods	ConAgra Foods
CORRECT     	EL_ENG_01478	Morrisville, Vermont	Morrisville, Vermont
EXP NIL     	EL_ENG_00450	Kenneth Starr	Kenneth Starr
CORRECT     	EL_ENG_01175	Kenneth Starr	Kenneth Starr
CORRECT     	EL_ENG_00352	Fayetteville, New York	Fayetteville, New York
EXP NIL     	EL_ENG_02101	CAPP	Al Capp
CORRECT     	EL_ENG_01282	Paris, Texas	Paris, Texas
WRONG KB ID 	EL_ENG_01240	Newark	Newark-on-Trent
CORRECT     	EL_ENG_02168	Jeff Carter	Jeff Carter
CORRECT     	EL_ENG_00868	Tony Dow	Tony Dow
CORRECT     	EL_ENG_02220	Tony Dow	Tony Dow
CORRECT     	EL_ENG_01341	Jacksonville, North Carolina	Jacksonville, North Carolina
CORRECT     	EL_ENG_00761	Sky Blues	Coventry City F.C.
CORRECT     	EL_ENG_00866	Singers F.C	Coventry City F.C.
CORRECT     	EL_ENG_01907	Vineland, New Jersey	Vineland, New Jersey
CORRECT     	EL_ENG_00396	Pineville, Missouri	Pineville, Missouri
CORRECT     	EL_ENG_00690	Greg Hunt	Greg Hunt
CORRECT     	EL_ENG_02046	Maura Tierney	Maura Tierney
CORRECT     	EL_ENG_00370	Oliver Hill	Oliver Hill
CORRECT     	EL_ENG_00944	Kat Dennings	Kat Dennings
EXP NIL     	EL_ENG_00402	APC	A Perfect Circle
CORRECT     	EL_ENG_00833	Jennie Reed	Jennie Reed
CORRECT     	EL_ENG_01364	Mary-Kate Olsen	Mary-Kate Olsen
CORRECT     	EL_ENG_01580	Valerie Wilson	Valerie Plame
WRONG KB ID 	EL_ENG_00985	Waterloo	University of Waterloo
WRONG KB ID 	EL_ENG_00300	Columbus Police	Columbus Division of Police
WRONG KB ID 	EL_ENG_01232	Rockdale	City of Rockdale
CORRECT     	EL_ENG_00881	Collinsville, Alabama	Collinsville, Alabama
CORRECT     	EL_ENG_00539	Ball State University	Ball State University
EXP NIL     	EL_ENG_00715	Ted Olson	Theodore Olson
WRONG KB ID 	EL_ENG_01519	Leh, India	Leh
CORRECT     	EL_ENG_01778	Leh, India	Leh
CORRECT     	EL_ENG_01694	Rockland, Massachusetts	Rockland, Massachusetts
CORRECT     	EL_ENG_00378	Matthew Fox	Matthew Fox (actor)
EXP NIL     	EL_ENG_02179	Department of Health	Department of Health (Philippines)
CORRECT     	EL_ENG_00851	Lucy Liu	Lucy Liu
CORRECT     	EL_ENG_01832	Ron Kirk	Ron Kirk
CORRECT     	EL_ENG_00166	Stephen Hunt	Stephen Hunt (footballer born 1981)
CORRECT     	EL_ENG_02035	Justin Reed	Justin Reed
CORRECT     	EL_ENG_00806	Andrew Firestone	Andrew Firestone
CORRECT     	EL_ENG_01266	David Patterson	David Paterson
CORRECT     	EL_ENG_00152	Wales	Wales
CORRECT     	EL_ENG_00720	Matt Jones	Matt Jones (American football)
WRONG KB ID 	EL_ENG_00446	Copenhagen	Copenhagen
CORRECT     	EL_ENG_01356	Copenhagen	Copenhagen
WRONG KB ID 	EL_ENG_00105	Newcastle	Newcastle United F.C.
CORRECT     	EL_ENG_00405	Magpies	Newcastle United F.C.
CORRECT     	EL_ENG_01067	Toon	Newcastle United F.C.
CORRECT     	EL_ENG_01648	Newcastle Utd	Newcastle United F.C.
CORRECT     	EL_ENG_01865	mags	Newcastle United F.C.
CORRECT     	EL_ENG_02162	Newcastle	Newcastle United F.C.
CORRECT     	EL_ENG_00452	Dick Clark	Dick Clark
EXP NIL     	EL_ENG_01770	Clark	Dick Clark
CORRECT     	EL_ENG_01387	Kat Von D	Kat Von D
EXP NIL     	EL_ENG_00371	John Hoagland	John Hoagland
EXP NIL     	EL_ENG_00364	Lisa Miller	Lisa Grimaldi
CORRECT     	EL_ENG_00179	Newburgh	Newburgh (city), New York
EXP NIL     	EL_ENG_01705	Newburgh	Newburgh (city), New York
WRONG KB ID 	EL_ENG_01283	Hamilton, Washington	Hamilton, Washington
CORRECT     	EL_ENG_00303	Nancy Wilson	Nancy Wilson (singer)
CORRECT     	EL_ENG_01268	Morristown, Tennessee	Morristown, Tennessee
CORRECT     	EL_ENG_00822	Terri Clark	Terri Clark
CORRECT     	EL_ENG_00739	Auburn, Maine	Auburn, Maine
CORRECT     	EL_ENG_00601	Merritt, British Columbia	Merritt, British Columbia
CORRECT     	EL_ENG_01495	Gainesville, Georgia	Gainesville, Georgia
EXP NIL     	EL_ENG_00037	CEC	Citizens Electoral Council
CORRECT     	EL_ENG_02018	AST	Aston Villa F.C.
CORRECT     	EL_ENG_01830	Rochester, Minnesota	Rochester, Minnesota
WRONG KB ID 	EL_ENG_00417	Culinary Institute of America	Culinary Institute of America at Greystone
CORRECT     	EL_ENG_01796	Mount Pleasant, South Carolina	Mount Pleasant, South Carolina
CORRECT     	EL_ENG_00441	Springfield, Ohio	Springfield, Ohio
CORRECT     	EL_ENG_01121	Stuart Clark	Stuart Clark
CORRECT     	EL_ENG_01547	Paul Tibbets	Paul Tibbets
CORRECT     	EL_ENG_00008	Columbus	Columbus Crew
CORRECT     	EL_ENG_01837	Mansfield, Massachusetts	Mansfield, Massachusetts
WRONG KB ID 	EL_ENG_00196	Camden, New Jersey	Camden, New Jersey
CORRECT     	EL_ENG_01072	Camden, New Jersey	Camden, New Jersey
CORRECT     	EL_ENG_01345	Camden, New Jersey	Camden, New Jersey
WRONG KB ID 	EL_ENG_01799	Camden, New Jersey	Camden, New Jersey
CORRECT     	EL_ENG_00805	Ashland, Oregon	Ashland, Oregon
CORRECT     	EL_ENG_01271	Austin Nichols	Austin Nichols
CORRECT     	EL_ENG_00729	Automatic Data Processing	Automatic Data Processing
EXP NIL     	EL_ENG_01211	ADP	Automatic Data Processing
CORRECT     	EL_ENG_00830	Ankara, Turkey	Ankara
CORRECT     	EL_ENG_01708	Angora	Ankara
CORRECT     	EL_ENG_02137	Whitney Houston	Whitney Houston
CORRECT     	EL_ENG_00079	Norfolk, Virginia	Norfolk, Virginia
EXP NIL     	EL_ENG_00222	Norfolk	Norfolk, Virginia
CORRECT     	EL_ENG_02089	Jack Metcalf	Jack Metcalf
CORRECT     	EL_ENG_01127	Raymond Barre	Raymond Barre
CORRECT     	EL_ENG_00197	Kingston, Massachusetts	Kingston, Massachusetts
CORRECT     	EL_ENG_00742	Newport, Rhode Island	Newport, Rhode Island
CORRECT     	EL_ENG_01003	Newport, Rhode Island	Newport, Rhode Island
CORRECT     	EL_ENG_00137	Dow Chemical Company	Dow Chemical Company
WRONG KB ID 	EL_ENG_00099	Death From Above	Death from Above 1979
CORRECT     	EL_ENG_01746	Al Wilson	Al Wilson
CORRECT     	EL_ENG_00764	Ruth Brown	Ruth Brown
CORRECT     	EL_ENG_01909	Silvestre Herrera	Silvestre S. Herrera
CORRECT     	EL_ENG_01343	Howard Hunt	E. Howard Hunt
CORRECT     	EL_ENG_01455	Jackson, Tennessee	Jackson, Tennessee
CORRECT     	EL_ENG_00193	Todd Woodbridge	Todd Woodbridge
WRONG KB ID 	EL_ENG_01817	Woodbridge	Todd Woodbridge
CORRECT     	EL_ENG_00665	Brown University	Brown University
CORRECT     	EL_ENG_02226	Brown University	Brown University
EXP NIL     	EL_ENG_00226	Antoine Walker	Antoine Walker
CORRECT     	EL_ENG_00158	Bonnie Somerville	Bonnie Somerville
EXP NIL     	EL_ENG_00349	Milton Keynes	Milton Keynes
EXP NIL     	EL_ENG_00577	Thompson	Jack Thompson (attorney)
EXP NIL     	EL_ENG_00593	Edmonton	Edmonton
CORRECT     	EL_ENG_00638	Ashland	Ashland Inc.
WRONG KB ID 	EL_ENG_00838	Chelsea	Salomon Kalou
CORRECT     	EL_ENG_00139	Aspen Daily News	Aspen Daily News
CORRECT     	EL_ENG_01733	Hillsville, Virginia	Hillsville, Virginia
CORRECT     	EL_ENG_01300	ABC	American Broadcasting Company
WRONG KB ID 	EL_ENG_01851	ABC	American Broadcasting Company
WRONG KB ID 	EL_ENG_01982	ABC	American Broadcasting Company
CORRECT     	EL_ENG_02050	Philippine Department of Foreign Affairs	Department of Foreign Affairs (Philippines)
EXP NIL     	EL_ENG_01908	Peoria, Illinois	Peoria Civic Center
CORRECT     	EL_ENG_00798	Morristown, New Jersey	Morristown, New Jersey
EXP NIL     	EL_ENG_00688	Olsen	Morten Olsen
CORRECT     	EL_ENG_00820	Hamilton, Ohio	Hamilton, Ohio
CORRECT     	EL_ENG_01446	Adams	Kevyn Adams
WRONG KB ID 	EL_ENG_00614	Middleburg	Middleburg, Pennsylvania
CORRECT     	EL_ENG_01301	Patrick Moore	Patrick Moore (environmentalist)
CORRECT     	EL_ENG_01626	Rebecca Miller	Rebecca Miller
EXP NIL     	EL_ENG_02073	Buxton	Buxton
WRONG KB ID 	EL_ENG_00009	Thompson	Hunter S. Thompson
CORRECT     	EL_ENG_00827	Hunter S. Thompson	Hunter S. Thompson
CORRECT     	EL_ENG_00445	Chinese Basketball Association	Chinese Basketball Association
CORRECT     	EL_ENG_01164	Nick Carter	Nick Carter (musician)
WRONG KB ID 	EL_ENG_01337	Coventry	Coventry
WRONG KB ID 	EL_ENG_01623	Lafayette	Gilbert du Motier, marquis de Lafayette
EXP NIL     	EL_ENG_01866	Creative Management Associates	International Creative Management
CORRECT     	EL_ENG_00963	Kingston, Georgia	Kingston, Georgia
WRONG KB ID 	EL_ENG_01664	Bellevue, Nebraska	Bellevue University
CORRECT     	EL_ENG_00771	Crossville, Tennessee	Crossville, Tennessee
CORRECT     	EL_ENG_01730	Scarsdale, New York	Scarsdale, New York
EXP NIL     	EL_ENG_01615	Irma Clark	Irma Clark-Coleman
CORRECT     	EL_ENG_00992	Glasgow	Glasgow
CORRECT     	EL_ENG_01709	Tara Kirk	Tara Kirk
CORRECT     	EL_ENG_02048	Tara Kirk	Tara Kirk
CORRECT     	EL_ENG_00502	Shirley Jones	Shirley Jones
CORRECT     	EL_ENG_01522	Stephen Jones	Stephen Jones (rugby player)
CORRECT     	EL_ENG_01672	Steve Fossett	Steve Fossett
CORRECT     	EL_ENG_00993	John Quincy Adams	John Quincy Adams
CORRECT     	EL_ENG_00858	Waterloo, Iowa	Waterloo, Iowa
CORRECT     	EL_ENG_02075	Waterloo, Iowa	Waterloo, Iowa
CORRECT     	EL_ENG_00886	Wilmington, North Carolina	Wilmington, North Carolina
CORRECT     	EL_ENG_01596	Harcourt Education	Harcourt Trade Publishers
CORRECT     	EL_ENG_00751	Chelsea	Chelsea F.C.
CORRECT     	EL_ENG_01814	Chelsea	Chelsea F.C.
WRONG KB ID 	EL_ENG_00130	Medford School District	Medford School District (Oregon)
CORRECT     	EL_ENG_00936	Radford, Virginia	Radford, Virginia
CORRECT     	EL_ENG_01423	Durham, Uk	Durham
EXP NIL     	EL_ENG_01765	Tampa	Tampa, Florida
CORRECT     	EL_ENG_02084	American Psychological Association	American Psychological Association
CORRECT     	EL_ENG_02187	American Psychological Association	American Psychological Association
CORRECT     	EL_ENG_01774	Frank Miller	Frank Miller (comics)
CORRECT     	EL_ENG_00637	Salem, Ohio	Salem, Ohio
CORRECT     	EL_ENG_01429	Roger Moore	Roger Moore
CORRECT     	EL_ENG_01421	Wilson	August Wilson
CORRECT     	EL_ENG_00737	Towson, Maryland	Towson, Maryland
CORRECT     	EL_ENG_00374	Lawrence Franklin	Larry Franklin
CORRECT     	EL_ENG_01160	Larry Franklin	Larry Franklin
CORRECT     	EL_ENG_01542	Larry Franklin	Larry Franklin
CORRECT     	EL_ENG_01857	Clifton, Virginia	Clifton, Virginia
CORRECT     	EL_ENG_00727	Tommy Lee Jones	Tommy Lee Jones
CORRECT     	EL_ENG_00391	cross	Marcia Cross
CORRECT     	EL_ENG_01706	CTA	California Teachers Association
EXP NIL     	EL_ENG_01241	Sara Jane Olson	Sara Jane Olson
CORRECT     	EL_ENG_00904	Jacksonville, Florida	Jacksonville, Florida
WRONG KB ID 	EL_ENG_00807	Apple Computer	Apple Inc.
CORRECT     	EL_ENG_01032	Apple Inc.	Apple Inc.
EXP NIL     	EL_ENG_01863	Apple	Apple Inc.
CORRECT     	EL_ENG_00373	Philadelphia Daily News	Philadelphia Daily News
WRONG KB ID 	EL_ENG_02065	Daily News	Philadelphia Daily News
CORRECT     	EL_ENG_00695	Alexandria, Romania	Alexandria, Romania
CORRECT     	EL_ENG_01230	Marseilles	Marseille
CORRECT     	EL_ENG_01315	Marseille	Marseille
EXP NIL     	EL_ENG_01910	Marseilles	Marseille
CORRECT     	EL_ENG_01896	Manchester, Michigan	Manchester, Michigan
EXP NIL     	EL_ENG_02063	Washington, New Jersey	Washington, New Jersey
CORRECT     	EL_ENG_01605	Cornwall, Connecticut	Cornwall, Connecticut
WRONG KB ID 	EL_ENG_00322	UNC	University of North Carolina at Chapel Hill
CORRECT     	EL_ENG_00198	Jackson, Michigan	Jackson, Michigan
CORRECT     	EL_ENG_00626	Pelham, New Hampshire	Pelham, New Hampshire
CORRECT     	EL_ENG_01083	Arlington, Massachusetts	Arlington, Massachusetts
CORRECT     	EL_ENG_00312	Man U	Manchester United F.C.
CORRECT     	EL_ENG_00331	Man Utd	Manchester United F.C.
CORRECT     	EL_ENG_00455	MAN U	Manchester United F.C.
CORRECT     	EL_ENG_01483	Man United	Manchester United F.C.
CORRECT     	EL_ENG_02223	ManUnited	Manchester United F.C.
WRONG KB ID 	EL_ENG_01696	Hillsdale	Hillsdale College
CORRECT     	EL_ENG_00842	Fred D. Thompson	Fred Thompson
WRONG KB ID 	EL_ENG_01334	Naples, Florida	Collier County, Florida
EXP NIL     	EL_ENG_01802	New Jersey	New Jersey
CORRECT     	EL_ENG_01679	Carlson	Carlson Companies
CORRECT     	EL_ENG_01307	Wilson	Flip Wilson
CORRECT     	EL_ENG_01602	Hamilton, Ontario	Hamilton, Ontario
CORRECT     	EL_ENG_00318	Norwegian University of Science and Technology	Norwegian University of Science and Technology
CORRECT     	EL_ENG_00765	Norwegian University of Science and Technology	Norwegian University of Science and Technology
EXP NIL     	EL_ENG_01970	Chris Clark	Chris Clark (musician)
CORRECT     	EL_ENG_02006	Clearwater, Florida	Clearwater, Florida
CORRECT     	EL_ENG_00911	Wallingford, Connecticut	Wallingford, Connecticut
EXP NIL     	EL_ENG_02115	Wallingford	Wallingford, Connecticut
WRONG KB ID 	EL_ENG_00589	WNBA	National Basketball Association
CORRECT     	EL_ENG_01690	Delta Burke	Delta Burke
CORRECT     	EL_ENG_01006	Westfield	Westfield Group
EXP NIL     	EL_ENG_01532	Larkin	Philip Larkin
CORRECT     	EL_ENG_00754	Cadel Evans	Cadel Evans
EXP NIL     	EL_ENG_02118	Mike Jones	Ted Haggard
EXP NIL     	EL_ENG_00324	Tony Newton	Tony Newton
CORRECT     	EL_ENG_01410	Christopher Lloyd	Christopher Lloyd
CORRECT     	EL_ENG_01540	Farmington, Missouri	Farmington, Missouri
CORRECT     	EL_ENG_00035	Pleasantville, New Jersey	Pleasantville, New Jersey
EXP NIL     	EL_ENG_00174	Macao International Airport	Macau International Airport
CORRECT     	EL_ENG_01726	British Computer Society	British Computer Society
CORRECT     	EL_ENG_00085	Wade Wilson	Wade Wilson (American football)
CORRECT     	EL_ENG_01223	Appleton, Wisconsin	Appleton, Wisconsin
WRONG KB ID 	EL_ENG_00019	Oxford	Oxford
CORRECT     	EL_ENG_00098	Oxford	Oxford
WRONG KB ID 	EL_ENG_00124	Oxford	Oxford
CORRECT     	EL_ENG_01165	Oxford	Oxford
CORRECT     	EL_ENG_02155	Oxford	Oxford
EXP NIL     	EL_ENG_00575	Ed Clark	Ed Clark
EXP NIL     	EL_ENG_01530	Woodbridge	Benjamin Ruggles Woodbridge
CORRECT     	EL_ENG_00361	Caroline Kennedy	Caroline Kennedy
CORRECT     	EL_ENG_01728	Centerville, Texas	Centerville, Texas
CORRECT     	EL_ENG_02023	Anchorage, Kentucky	Anchorage, Kentucky
CORRECT     	EL_ENG_00978	Wilmington, Massachusetts	Wilmington, Massachusetts
CORRECT     	EL_ENG_01507	James Patterson	James Patterson
WRONG KB ID 	EL_ENG_00792	Salem	Salem, Oregon
CORRECT     	EL_ENG_00885	Salem, Oregon	Salem, Oregon
CORRECT     	EL_ENG_01074	Salem	Salem, Oregon
WRONG KB ID 	EL_ENG_01861	Salem	Salem, Oregon
CORRECT     	EL_ENG_02221	P.J. Patterson	P. J. Patterson
WRONG KB ID 	EL_ENG_00736	Avon, New York	Avon (village), New York
CORRECT     	EL_ENG_01111	Jimmy Walker	Jimmy Walker (basketball)
WRONG KB ID 	EL_ENG_01947	Northport	East Northport, New York
CORRECT     	EL_ENG_00001	Lucy Walsh	Lucy Walsh
CORRECT     	EL_ENG_00834	Bangor, Maine	Bangor, Maine
CORRECT     	EL_ENG_00757	Charleston, South Carolina	Charleston, South Carolina
CORRECT     	EL_ENG_00778	Charleston, South Carolina	Charleston, South Carolina
CORRECT     	EL_ENG_01322	Hillary Clinton	Hillary Rodham Clinton
CORRECT     	EL_ENG_00073	Brooke Astor	Brooke Astor
WRONG KB ID 	EL_ENG_00819	Oxford, Ohio	Millett Hall
WRONG KB ID 	EL_ENG_02108	Oxford, Ohio	Millett Hall
WRONG KB ID 	EL_ENG_01021	Northport, Michigan	Northport, Michigan
CORRECT     	EL_ENG_01649	BLA	Balochistan Liberation Army
CORRECT     	EL_ENG_00524	Arthur M. Schlesinger Jr	Arthur M. Schlesinger, Jr.
CORRECT     	EL_ENG_00113	Ford	Ford Motor Company
CORRECT     	EL_ENG_01991	Ford Motor Co.	Ford Motor Company
WRONG KB ID 	EL_ENG_01054	Lebanon, Pennsylvania	Lebanon High School (Pennsylvania)
CORRECT     	EL_ENG_01512	Kiley Dean	Kiley Dean
CORRECT     	EL_ENG_01107	Fremont, California	Fremont, California
CORRECT     	EL_ENG_00903	Goldsmith	Peter Goldsmith, Baron Goldsmith
CORRECT     	EL_ENG_00382	Christopher Newton	Christopher Newton (criminal)
CORRECT     	EL_ENG_01535	Christopher Newton	Christopher Newton (criminal)
EXP NIL     	EL_ENG_01278	Ruth	Babe Ruth
CORRECT     	EL_ENG_01800	Ruth	Babe Ruth
CORRECT     	EL_ENG_00206	Emma Thompson	Emma Thompson
CORRECT     	EL_ENG_00240	Tillie Olsen	Tillie Olsen
EXP NIL     	EL_ENG_00581	Ama	American Motorcyclist Association
CORRECT     	EL_ENG_00308	Clark
EXP NIL     	EL_ENG_00699	Calgary	Calgary
CORRECT     	EL_ENG_01981	Bedford, Indiana	Bedford, Indiana
CORRECT     	EL_ENG_01642	Santa Cruz, Bolivia	Santa Cruz de la Sierra
CORRECT     	EL_ENG_00571	American Medical Association	American Medical Association
WRONG KB ID 	EL_ENG_00722	AMA	American Medical Association
CORRECT     	EL_ENG_00640	Anchorage Daily News	Anchorage Daily News
EXP NIL     	EL_ENG_00564	Washington	George W. Bush
CORRECT     	EL_ENG_01380	Somerset, New Jersey	Somerset, New Jersey
WRONG KB ID 	EL_ENG_01676	Somerset, New Jersey	Somerset, New Jersey
CORRECT     	EL_ENG_01839	Vancouver, Washington	Vancouver, Washington
CORRECT     	EL_ENG_01491	Alan Johnston	Alan Johnston
CORRECT     	EL_ENG_01647	Walkersville, Maryland	Walkersville, Maryland
CORRECT     	EL_ENG_01101	Quincy Carter	Quincy Carter
CORRECT     	EL_ENG_01827	Kurt Waldheim	Kurt Waldheim
WRONG KB ID 	EL_ENG_02229	Granville, New York	Granville, New York
CORRECT     	EL_ENG_00547	Princeton, Minnesota	Princeton, Minnesota
CORRECT     	EL_ENG_00453	Andruw Jones	Andruw Jones
CORRECT     	EL_ENG_00239	Network Solutions Inc.	Network Solutions
